year_month,year,month,weekend,is_cbd_segment,weight_distance,weight_travel_time,bus_trip_count,road_distance,avg_speed_mph
2023-01,2023,1,0,False,524446.334,82978.8850737,518023,30600.563,6.320238377922268
2023-01,2023,1,0,True,334394.699,54669.0214153,348491,19849.493,6.116712725836616
2023-01,2023,1,1,False,178517.473,24534.214613199998,172035,11137.461,7.2762660559736565
2023-01,2023,1,1,True,108956.066,16177.3834308,113101,7372.216,6.735085835485568
2023-02,2023,2,0,False,482432.938,76418.1487829,476735,27883.174,6.313067585169683
2023-02,2023,2,0,True,308128.729,50915.271914,320319,19341.681,6.051793841353814
2023-02,2023,2,1,False,156863.282,21638.9289432,151653,10258.553,7.249124132333455
2023-02,2023,2,1,True,96718.859,14527.0958799,99915,7237.945,6.65782478477493
2023-03,2023,3,1,True,94596.701,14382.2023966,98307,7245.265,6.577344581269624
2023-03,2023,3,1,False,156342.136,21926.6260966,150656,10263.188,7.130241347265132
2023-03,2023,3,0,False,560853.469,89998.98963340001,555186,27479.453,6.231775170861015
2023-03,2023,3,0,True,354574.947,59717.7239834,370789,19224.946,5.937516089838969
2023-04,2023,4,0,False,484192.434,78583.0185001,480728,27490.862,6.161540282387903
2023-04,2023,4,0,True,307756.236,52053.842692700004,320664,19263.502,5.912267377008836
2023-04,2023,4,1,False,193456.312,27371.1109456,185887,11031.757,7.067901349875561
2023-04,2023,4,1,True,117707.11,18146.4804149,121378,7587.024,6.486498059610015
2023-05,2023,5,1,True,90783.94,14346.4367302,93694,7254.228,6.3279782783201535
2023-05,2023,5,1,False,151989.445,21826.6330698,145353,10289.416,6.963485596424731
2023-05,2023,5,0,False,547231.618,90084.8852928,541584,27969.233,6.074621910449802
2023-05,2023,5,0,True,348671.135,59472.311223,363930,19439.981,5.862747349646583
2023-06,2023,6,0,False,526579.388,85536.0336753,523181,27535.038,6.156228730442745
2023-06,2023,6,0,True,336772.879,57765.6531643,352745,19258.386,5.829984784247718
2023-06,2023,6,1,False,149731.543,21581.6388787,143450,10291.532,6.937913466237152
2023-06,2023,6,1,True,87797.54699999999,13808.916175800001,91236,7276.26,6.358033163664531
2023-07,2023,7,0,False,495039.656,78287.5811161,488043,27565.851,6.3233484665448945
2023-07,2023,7,0,True,322386.484,55257.7799707,338935,19713.894,5.834227943484933
2023-07,2023,7,1,False,190094.04,26793.759044,182535,10668.941,7.094713350516911
2023-07,2023,7,1,True,118785.247,18371.0797475,123093,7937.335999999999,6.465882715258732
2023-08,2023,8,0,False,548144.974,86446.1779948,540358,28115.512,6.340881537098987
2023-08,2023,8,0,True,357455.392,60666.1396324,374943,19884.429,5.89217303368836
2023-08,2023,8,1,False,145213.661,20753.2019827,139806,10533.753,6.99716897281928
2023-08,2023,8,1,True,92630.45599999999,14532.5952442,96217,7517.8279999999995,6.3739789379305165
2023-09,2023,9,1,True,103771.122,16929.6506995,106958,7425.41,6.1295489104843
2023-09,2023,9,1,False,165416.362,23758.5021057,158517,10434.856,6.962407026506703
2023-09,2023,9,0,False,478656.18,78248.91168,471943,27994.436,6.117096963053889
2023-09,2023,9,0,True,307732.487,56221.888949600005,319948,19819.552,5.473535179080628
2023-10,2023,10,0,False,521902.044,84829.3936165,516675,27321.832000000002,6.15237268298103
2023-10,2023,10,0,True,336982.47,60346.7916991,351244,19573.962,5.584099179294491
2023-10,2023,10,1,False,161611.243,22805.0450076,156022,10182.116,7.086644334450622
2023-10,2023,10,1,True,100924.201,16443.4336512,104073,7363.494,6.1376597577376915
2023-11,2023,11,0,False,511831.764,82851.5462081,506387,27742.994,6.1776971876230435
2023-11,2023,11,0,True,330092.205,58195.9134746,342851,19707.357,5.6720856378355675
2023-11,2023,11,1,False,143507.016,20221.04326,136597,10515.126,7.09691454366633
2023-11,2023,11,1,True,90867.54699999999,14529.7082009,93971,7382.739,6.253914100929533
2023-12,2023,12,0,False,471794.811,75048.3425713,465641,28117.484,6.286545376425459
2023-12,2023,12,0,True,307040.337,54741.4155985,318580,19894.496,5.608922123095651
2023-12,2023,12,1,False,177831.861,24937.9889713,171192,10163.592,7.130962372493572
2023-12,2023,12,1,True,111663.179,18239.567995999998,114431,7368.843,6.12202981038192
2024-01,2024,1,1,False,154042.194,21271.9091205,147246,10232.221,7.241578230115116
2024-01,2024,1,1,True,98421.508,14691.1005084,101105,7379.586,6.699396545801662
2024-01,2024,1,0,True,357055.126,59832.5924386,369249,20114.847999999998,5.967569036330972
2024-01,2024,1,0,False,540470.037,85795.0897252,532063,28270.066,6.299545099039059
2024-02,2024,2,0,False,486731.218,78615.2439866,479160,27613.260000000002,6.191308368679279
2024-02,2024,2,0,True,323088.248,56032.4631451,334262,19709.083,5.766090403046182
2024-02,2024,2,1,False,153660.906,21684.3145225,147113,10180.526,7.086269932146525
2024-02,2024,2,1,True,96961.669,15135.477130899999,99661,7381.565,6.406251230894257
2024-03,2024,3,0,False,504596.293,81266.6885077,496743,27168.847999999998,6.209140574888684
2024-03,2024,3,0,True,331586.159,57771.2449299,342459,19508.8,5.739640186088231
2024-03,2024,3,1,False,189011.45799999998,26769.6933901,181218,11073.368,7.060650835466813
2024-03,2024,3,1,True,117696.214,18576.2440077,120780,8014.231,6.3358456074981575
2024-04,2024,4,0,False,524739.67,85358.6206769,517628,27223.227,6.1474712904071875
2024-04,2024,4,0,True,341505.203,60478.3944653,352771,19452.069,5.646730638590968
2024-04,2024,4,1,False,149840.322,21621.890815900002,143248,10202.289,6.930028612012624
2024-04,2024,4,1,True,93144.529,15118.6420414,95721,7336.626,6.1609057708316985
2024-05,2024,5,1,True,88384.12,14311.0834386,90538,7335.43,6.175920948207837
2024-05,2024,5,1,False,142150.478,20509.889607,135771,10196.955,6.930826090428308
2024-05,2024,5,0,True,342923.089,61356.5593487,354975,19660.848,5.589020842109291
2024-05,2024,5,0,False,527922.037,87309.5021769,521190,27765.392,6.046558780398996
2024-06,2024,6,0,False,455780.149,74191.0955605,451303,28155.041,6.143326844773827
2024-06,2024,6,0,True,295774.75,52825.0981735,306198,19864.107,5.599132992210453
2024-06,2024,6,1,False,174271.831,25303.0550594,166656,11378.323,6.887382989559539
2024-06,2024,6,1,True,106694.971,17116.5866787,110107,7751.981,6.2334256825148415
2024-07,2024,7,0,False,523811.156,83047.9654812,514741,27866.484,6.307332792138995
2024-07,2024,7,0,True,334681.018,58747.245946099996,346711,19650.382,5.696965238286514
2024-07,2024,7,1,False,149609.797,21271.5379876,142603,10214.44,7.033332384673516
2024-07,2024,7,1,True,93163.595,14636.0433466,95332,7325.2789999999995,6.36535385922058
2024-08,2024,8,0,False,487687.001,77586.454515,479767,32504.341,6.285723507390251
2024-08,2024,8,0,True,319300.896,55396.0654308,330019,21045.406,5.763963442473478
2024-08,2024,8,1,False,159249.913,22816.1088658,152158,13233.422999999999,6.97971393530236
2024-08,2024,8,1,True,99096.25,15807.2539083,101371,8281.376,6.269036391448549
2024-09,2024,9,1,True,99257.166,16455.367594800002,101465,7342.177,6.031902078648542
2024-09,2024,9,1,False,164165.401,23966.6469889,155081,10550.164999999999,6.84974419141869
2024-09,2024,9,0,True,299587.54,55313.6569852,309604,19690.599,5.416158618479322
2024-09,2024,9,0,False,466665.925,76563.3869143,459897,27854.82,6.095157800716875
2024-10,2024,10,0,False,545102.903,89230.868793,536700,27347.262,6.108905027749348
2024-10,2024,10,0,True,353538.991,63963.1308194,365575,19491.898,5.527230866766323
2024-10,2024,10,1,False,148649.047,21386.9180972,141765,10214.503999999999,6.950465996288699
2024-10,2024,10,1,True,89602.348,15022.6665714,91573,7338.851000000001,5.9644769172061665
2024-11,2024,11,0,False,491875.25,79696.9691657,483360,27729.984,6.171818767377837
2024-11,2024,11,0,True,318683.67,56317.9572844,328509,19613.616,5.658651083360137
2024-11,2024,11,1,False,164411.308,23455.5454236,156495,10221.851,7.009485604823162
2024-11,2024,11,1,True,103694.041,17022.95516,105885,7322.26,6.09142419899319
2024-12,2024,12,0,False,496218.431,78942.1252352,489136,27997.577999999998,6.285850925872186
2024-12,2024,12,0,True,318304.479,57507.592894400004,326340,19803.914,5.534999171057218
2024-12,2024,12,1,False,168570.359,23401.770234,161269,10202.872,7.203316557440909
2024-12,2024,12,1,True,102257.894,17039.6141559,104005,7329.487,6.001186004824705
2025-01,2025,1,1,False,154515.192,21574.4580301,146817,10249.404,7.161950107132486
2025-01,2025,1,1,True,97524.383,14508.3265104,99453,7457.705,6.7219594851337
2025-01,2025,1,0,False,553153.447,86953.5732142,544132,27975.081,6.361480345809032
2025-01,2025,1,0,True,362337.757,59561.8299473,374642,20042.716,6.08338859502125
2025-02,2025,2,0,False,402336.159,64647.6577539,404026,27928.704999999998,6.223522598941
2025-02,2025,2,0,True,262729.627,44295.6062388,275738,20139.95,5.931279630390662
2025-02,2025,2,1,False,118218.517,16820.9382492,116554,10214.004,7.028057249162213
2025-02,2025,2,1,True,75405.037,11513.1637905,78790,7335.657,6.549462716948393
2025-03,2025,3,0,False,504965.87299999996,80461.3049694,497325,28982.354,6.275884702491988
2025-03,2025,3,0,True,328906.061,55318.7499062,339738,21381.409,5.945652451613642
2025-03,2025,3,1,False,196821.898,27693.3191345,185308,12203.626,7.107197842341753
2025-03,2025,3,1,True,120107.465,18087.1002367,123464,9194.133,6.640504195155257
2025-04,2025,4,0,False,533495.855,85854.43506250001,525744,27249.248,6.213958016398658
2025-04,2025,4,0,True,347681.858,58921.2475232,359977,19451.844,5.90078914848335
2025-04,2025,4,1,False,154554.138,21733.1665196,147714,10194.997,7.111441301506422
2025-04,2025,4,1,True,95796.329,14711.2438539,98269,7310.454,6.511776295150193
2025-05,2025,5,1,True,104075.697,16314.3283175,107156,7322.163,6.379404347794106
2025-05,2025,5,1,False,165500.193,23793.1847234,158966,10192.963,6.955781452712999
2025-05,2025,5,0,False,515112.501,83922.9121236,508823,27699.902000000002,6.137924530566247
2025-05,2025,5,0,True,337549.481,58194.0264073,349406,19629.51,5.800414610212587
2025-06,2025,6,0,False,496641.368,79984.6713053,489402,27635.736,6.209206837949352
2025-06,2025,6,0,True,325973.717,55991.4324749,337056,19626.803,5.82184992581014
2025-06,2025,6,1,False,164864.09100000001,23394.7227995,157239,10555.496,7.047063237847962
2025-06,2025,6,1,True,99793.788,15405.4928725,102383,7477.571,6.477805599984383
2025-07,2025,7,1,True,96359.144,14636.6049012,99181,7302.46,6.583435479091184
2025-07,2025,7,1,False,154314.288,21513.1210425,146604,10176.886,7.173031179211337
2025-07,2025,7,0,False,549964.724,86344.9182399,538570,27693.966,6.369393071541079
2025-07,2025,7,0,True,355217.097,60517.9321716,367222,19632.069,5.869617223416916
2025-08,2025,8,0,False,505879.688,79074.522237,497383,27245.239999999998,6.3975054630591535
2025-08,2025,8,0,True,330363.474,55103.8458107,342210,19395.207,5.995288879380728
2025-08,2025,8,1,False,183168.606,25930.896709599998,175636,10487.332,7.063720474124148
2025-08,2025,8,1,True,116184.081,17861.8437975,119610,7490.165,6.504596183752401
2025-09,2025,9,1,False,149456.344,21533.182075099998,142979,10269.102,6.94074584419293
2025-09,2025,9,0,False,516246.786,82702.5933289,508405,27978.318,6.242207955280651
2025-09,2025,9,0,True,333926.33,59229.1464619,344651,19628.226,5.637871722747227
2025-09,2025,9,1,True,93470.591,14834.5236522,95932,7302.437,6.30088253532415
